url,label
[google.com,0](https://www.google.com,0)
[facebook.com,0](https://www.facebook.com,0)
[secure-paypal-login.com.suspicious-domain.xyz](https://secure-paypal-login.com.suspicious-domain.xyz/verify,1)
[amazon.com,0](https://amazon.com,0)
[192.168.1.1](http://192.168.1.1/login/bank-verify.php,1)
[appleid.apple.com.fake-domain.ru](https://appleid.apple.com.fake-domain.ru/signin,1)
[github.com,0](https://github.com,0)
[bit.ly](http://bit.ly/3xR9kLm,1)
[linkedin.com,0](https://linkedin.com,0)
[update-your-account-now.tk](https://update-your-account-now.tk/paypal,1)
[microsoft.com,0](https://microsoft.com,0)
[login-verification-required.ml](http://login-verification-required.ml/secure,1)
[stackoverflow.com,0](https://stackoverflow.com,0)
[dropbox.com,0](https://www.dropbox.com,0)
[free-iphone-winner.gq](http://free-iphone-winner.gq/claim,1)
